odai_type,odai,response,score,predicted_score
image,,最近作物を荒らす猿を懲らしめようとしたが、食材にメッチャ感謝しながら食べてて怒りの矛先を見失う,1.0,0.3796120882034302
image,,ツカル,-0.32778127881365027,0.27718430757522583
image,,パーリナイ,-0.5211017204097173,-0.6175472140312195
image,,腹痛が限界になったので近くのデパートに入ったら突然来店10万人目を祝うクラッカーが鳴り、びっくりして全部出た。,1.0,0.6837803721427917
image,,左のトットロ♪トットーロ♪,0.33731446658580255,-0.008692938834428787
image,,クーポン券払い,-0.32778127881365027,-0.11737164855003357
image,,ナリのトトロ,-1.0,-0.6013277769088745
image,,怪人が出たって聞いたから来たけど...アッコさんじゃねぇか!,0.2743311043723744,0.055207155644893646
image,,おな~イき~,-0.5211017204097173,-0.5422923564910889
image,,運転中だろうと会話はしっかり相手の目を見るタイプ,1.0,0.14389386773109436
image,,まじか!おい見ろよ笑俺の手!俺の手!豚かよ笑笑笑,-0.11393289262733997,0.15359851717948914
image,,ずっと前から好きでした,0.866366174403135,0.3101885914802551
image,,『陸王』↔︎『魚民』,1.0,0.22875596582889557
image,,ずかしかったで,1.0,0.3797856867313385
image,,嫌いな先輩がミスして上司に怒鳴られてるのを聞きながらパソコン見てる俺(リアルタイム),1.0,0.23543421924114227
image,,深いため息,-0.32778127881365027,0.0005686692893505096
image,,あっ...あのっ、助けていただいてありがとうございました!!,1.0,-0.3796110153198242
image,,見栄,-0.32778127881365027,-0.06458684056997299
image,,クラスでは立派に浮いてるじゃない,1.0,0.26110896468162537
image,,初健診を鳴き喚いて切り抜けようと思ってたが、先生が怖いので自ら首をすわらせ相手の目を見て話しを聞く好印象作戦に切り替えた,1.0,0.39408838748931885
image,,友達の友達がアルカイダ,-0.32778127881365027,-0.3614340126514435
image,,ないない,-0.38103295279962135,-0.16731637716293335
image,,7階に転居した,-0.2045671752179079,-0.2296200394630432
image,,「全米が泣いた!」の「全米」の正体,0.06780706505795586,0.5596238374710083
image,,バレエパフォーマンス「テイジタイシャ」,-0.14158381300447986,0.38473957777023315
image,,亀に負けただと,-0.32778127881365027,0.2917537987232208
image,,えぇそうです。毎日ピカピカ輝いてるので,0.15111700077663248,0.4625093936920166
image,,「それ何だよ?」「給食のコッペパン」,-0.32778127881365027,-0.23444096744060516
image,,うっかり洗濯機の中に入ってしまいました,-0.1716420747371854,0.06699355691671371
image,,げ散らか,0.08316301918787916,0.05888647586107254
image,,卒業式で最前列のやつが笑わせてくる,0.06780706505795586,0.3421461582183838
image,,次の元号小室だってよ,-0.24096418518952545,-0.2856975197792053
image,,お連れ様の準備ができました,-0.14158381300447986,0.3834470510482788
image,,先生! 先生「ハゲてなどいない!」弟子「。。。,-0.2045671752179079,0.35038745403289795
image,,検索履歴消すの忘れた,-0.08833213901850889,0.2716359496116638
image,,スープに浮いた油を合体させて遊ぶ,1.0,-0.0633399561047554
image,,お祈りをするか岩海苔にするか,-0.32778127881365027,-0.12160199135541916
image,,山口君のお父さんが、借り物競走でツラ貸してくれた,-0.32778127881365027,0.5447512269020081
image,,私に遺産全部ゆずる,-0.28165258061457576,-0.1625937521457672
image,,壇蜜、引退,-0.5211017204097173,-0.4345334470272064
image,,さっき、犬が運転してたよな...,1.0,0.46413958072662354
image,,ドミノが完成に近づいてくると急に出てくる妖怪,1.0,0.12010622769594193
image,,マスタードンペリ入りました,-0.32778127881365027,-0.40690016746520996
image,,三葉に誰お前?って言った時の周りの反応,0.23793409440075686,0.6689596772193909
image,,没収〜!,1.0,-0.47955310344696045
image,,インディードで紹介された仕事がこれ,-0.32778127881365027,0.4026121497154236
image,,もう帰ってきたの!?,-0.24096418518952545,0.2750476598739624
image,,ダイブしたら戻れなくなったので客として楽しむことにしたベース,1.0,0.09180425107479095
image,,破滅の使者が部長を消してくれた,-0.6204820925947632,0.22842276096343994
image,,やべえ10時だ!!/あ、日曜か,1.0,-0.12385009229183197
image,,落ちてるプーさんを片っ端から蹴っ飛ばす,1.0,0.48777735233306885
image,,鬼龍院翔,-0.2045671752179079,-0.09026595950126648
image,,二個目の吹き出しが分かりにくいです/出題者に言え,-0.32778127881365027,0.45005151629447937
image,,あなたが落としたのは金のラスカルですか?それとも・・・あっ、ちょっとおりて、頭からおりて!,1.0,0.2577110528945923
image,,リーブ21に断られたって?そんなに絶望的なのかい?君の頭は?,-0.2045671752179079,0.34705018997192383
image,,「見て、ソフトバンクユーザーが困ってるwww」「当然だぜ、回線を壊したのは俺たちだからな!」「auにしないからだよww」,1.0,0.46604204177856445
image,,子供たちが夏休み中のママ,1.0,0.03153662756085396
image,,夏バテ、シャンシャンのピンチヒッター,-0.11393289262733997,0.18737658858299255
image,,ギャル曽根の共犯のMAXスズキも自供しない,-0.32778127881365027,0.42824816703796387
image,,モーター,1.0,-0.19883324205875397
image,,大阪夏の陣痛,0.051736628591586564,0.04354603588581085
image,,全ての挨拶が適当,-0.38103295279962135,-0.26192814111709595
image,,星をつけると表示されるよ,1.0,-0.06906458735466003
image,,スネ夫「ごめんのび太このゲーム誰も出来ない」,-0.1716420747371854,-0.08207982033491135
image,,『磯野波平』という人物は元々この世に存在していなかった。みんな、いいね?,1.0,0.5179339051246643
image,,なぜか/ハエが/手にとまろうとする,1.0,0.2403714656829834
image,,マーシー岩,-0.24096418518952545,-0.04699959233403206
image,,タケちゃんマン,-0.2045671752179079,-0.2431628704071045
image,,ちょっと、待って、みんな見えない?透明のおじさん。,-0.32778127881365027,0.1319994479417801
image,,『はっくしょん!』『はっくしょん!』『はっくしょん!』『はっくしょん!』『はっくしょん!』『はっくしょん!』『はっくしょ,0.29118576838672805,0.3532342314720154
image,,幽体離脱したら霊の方に服持ってかれた,1.0,0.19467821717262268
image,,うるせぇ十万ボルトだ,-0.11393289262733997,0.4500609040260315
image,,「お会計、503円になります」『すみません。少しお待ち頂けますか?えーっと、3円、3円っと』,0.08316301918787916,0.19380947947502136
image,,「住所は?」「M78星雲」「パスポートは?」「ありません」「ハイ、不法入国で逮捕ね?」,-0.11393289262733997,0.1086779311299324
image,,/タス..ケテ...\,1.0,-0.2656261622905731
image,,自分のこと,-0.2045671752179079,0.4028317630290985
image,,luedevilAOBEandyellowdevilKISUKEandreddevilAKAN,1.0,-0.5565500259399414
image,,先輩、浮気バレだからって奥さんに掛けても無駄ですよ,-0.11393289262733997,0.4389253258705139
image,,魔王の後継者を決める,0.2566117288013221,0.14705559611320496
image,,杏コモン,0.11196736997390078,0.3365352153778076
image,,飲み込もうとすると、揺らして吐かせてくる,-0.28165258061457576,0.23234915733337402
image,,飼育員「細かいことを言うやつだな、そんなに白黒をつけたいのか!」,0.2743311043723744,0.11955581605434418
image,,10人中1人だけいやらしい事を囁いてくる,-0.32778127881365027,0.3521214425563812
image,,俺はパンパース派だって言ったよな?どうしてここにムーニーマンがあるんだ?俺は履かないぞ!,0.034881964577232916,0.19988113641738892
image,,今月も入れといてくれ。,-0.32778127881365027,-0.4178038239479065
image,,ミサイル発射のメニューのところでフリーズするから直してね!,-0.32778127881365027,0.2380942553281784
image,,いい薬すすめましょか,-0.2045671752179079,0.14395606517791748
image,,目標ですか?もちろん、ソロデビューです,1.0,0.027064677327871323
image,,お百度参り,-0.5211017204097173,-0.41349565982818604
image,,マウンドでウ◯コすんな〜!!,-0.6204820925947632,-0.6631354093551636
image,,人気(任期)があったほうが良い,-0.32778127881365027,0.10507778823375702
image,,バイキンマンが最終形態に変身した,-0.24096418518952545,-0.2930092215538025
image,,男にはな、やらなきゃならねぇ時があるんだ 元気でな,0.16323937042444214,0.4583527445793152
image,,主人公を選択してください,-0.06449840760781256,0.3481825590133667
image,,でしょう,1.0,-0.10291292518377304
image,,色々な女性がでてくるよ,-0.5211017204097173,-0.12092485278844833
image,,稲村亜美,0.017162589006180395,-0.08880291879177094
image,,石崎www,-0.5211017204097173,-0.4962198734283447
image,,ソーセージは直射日光を避けて保管してください,-0.32778127881365027,-0.11963245272636414
image,,ガースー黒光り陸軍士官学校,0.8250937516428218,0.33617496490478516
image,,貸衣装屋さん,0.034881964577232916,0.03275506570935249
image,,おとうさん(左下)と一緒に写真撮ったぜ☆,-0.021260538718001376,0.2223147451877594
image,,家に火を付けると消防車がやってきて消す、ということを学習した,-0.28165258061457576,0.17192581295967102
image,,敗北,-0.32778127881365027,-0.2671492099761963
image,,永遠の0点,0.85849676608475,0.44381478428840637
image,,一週間ぶりにう○こが出た,-0.28165258061457576,-0.1574750542640686
image,,比喩表現で,-0.0015150453943845177,0.18236498534679413
image,,スマン、遅刻した!...え、プレゼント?...あ~焦ってたから忘れて来ちゃった。ちょ、今時ギャフンってリアクション古いなア\!,0.11196736997390078,0.4232504367828369
image,,「生意気なひざ小僧だわ!こうしてやる『ガン』痛ーーー!!あ、タクシー2台もいりません」「俺の嫁、やべぇだろ?」,1.0,0.20405250787734985
image,,きれいな顔してるだろ。ウソみたいだろ。寝てるんだぜ。それで...,-0.24096418518952545,-0.09752050042152405
image,,ジャンケンポン!グ・リ・コ..と,1.0,0.09516894817352295
image,,父さんに今日何の日?って聞かれる。,0.3715456256601535,0.33610254526138306
image,,へ〜ここが大都市かぁ,1.0,0.06068822741508484
image,,矢沢永吉(1歳),1.0,-0.26257219910621643
image,,引かぬ媚びぬ顧みぬ,0.2181886010771401,-0.3397822082042694
image,,昨日徹夜したのに全然問題が解けないわ...やっぱ勉強した方が良かったのかなぁ......,1.0,0.6030468940734863
image,,猫時々おやじ,-0.32778127881365027,0.09383413940668106
image,,サービス残,-0.44401631501304983,-0.030449146404862404
image,,警察の電話番号、分かりま,1.0,-0.20712319016456604
image,,「きゃりーぱみゅぱみゅのにんじゃりばんばんのCDをください」を何度も噛み続けるも、完璧に言えるまで微動だにしない店員,1.0,0.5115862488746643
image,,試合中に口から自分のクローンをだしちゃうのが癖のマイケル,-0.24096418518952545,0.3323207497596741
image,,金を出せというのですか?強盗さん,-0.2045671752179079,-0.09051501005887985
image,,ひらがな多いな。,-0.32778127881365027,-0.11878007650375366
image,,ペン二本、リンゴ、パイナップルを用意します。,-0.38103295279962135,0.021909508854150772
image,,もし痛かったら手を上げて教えてくださいね〜。,1.0,0.10016488283872604
image,,ここは任せて先に行け!,-0.2045671752179079,-0.29551440477371216
image,,中二病の頃の黒歴史,0.26558501477789687,-0.14319171011447906
image,,吉田沙保里の気を鎮めるため,-0.5211017204097173,-0.12775322794914246
image,,夜に繁華街で遊んでたら見回りの先生達に見つかった,-0.06449840760781256,0.6082496643066406
image,,みんな起きてーっ!,-0.5211017204097173,-0.6907668113708496
image,,サイコーの晩餐,-0.021260538718001376,0.20566922426223755
image,,電気止められた..明日にはガスも止まる,-0.2045671752179079,0.3980039060115814
image,,後妻業,-0.5211017204097173,-0.042555853724479675
image,,「父さん、妖怪が近づいてきています!」,-0.32778127881365027,0.32741662859916687
image,,バーチャンファイター,-0.32778127881365027,0.009254422038793564
image,,どこ見てんのよー!...あ、いえ,-0.28165258061457576,0.3817344307899475
image,,特定の条件をクリアしてくと使えるキャラが増えるタイプのゲーム画面,0.7532293839626572,0.21327084302902222
image,,僕のチャームポイントは手のひら!/でも、そう簡単には見せませ~ん!/あれ?ひざ小僧も、可愛いな,1.0,0.033272650092840195
image,,麻酔の効いた顔がツボって手術失敗した,1.0,-0.054380759596824646
image,,叩かれるドラムの痛み・悲しみ・辛さ・終わりのない絶望感を思うと申し訳なくて直視できないし、口に入れたバッタが暴れすぎ。,1.0,0.43808218836784363
image,,花粉前線到来!,0.2181886010771401,-0.16200512647628784
image,,ごんお前だったのか...ミサイルから国を守っていたのは...,1.0,0.1349668800830841
image,,御社のオープンな社風に魅力を感じました,0.09786532679066151,0.12152263522148132
image,,フルカラー,1.0,-0.1855316162109375
image,,ワオンカードの犬の声がうるさい,-0.44401631501304983,0.02740045264363289
image,,『の、のび太くん...逃げt...』,-0.24096418518952545,0.18728765845298767
image,,先には滝しか見えない,-0.11393289262733997,-0.036349132657051086
image,,孫悟空があっさり掌から抜け出した,-0.2045671752179079,-0.10183174908161163
image,,ちゃ〜ん!,-0.2045671752179079,-0.4248027801513672
image,,イシモチを釣りあげた,-0.2045671752179079,0.27522170543670654
image,,左折の時はしっかりサイドミラーを見ろよ!,1.0,-0.45605790615081787
image,,毎朝うるせえ奴だったが、ああなっちまったらお仕舞いだな。俺たちも気をつけようぜ,-0.28165258061457576,0.3770119547843933
image,,ボクを倒す?そういう事は後ろの四天王を倒してから言いなよ,-0.04220344081943439,0.4204351007938385
image,,とにかくケツが好き,-0.11393289262733997,-0.1509997546672821
image,,豪に入れば豪に従え,1.0,-0.24530543386936188
image,,持ち物検査ガチ勢,-0.04220344081943439,0.0324736051261425
image,,まあまあ、なくなったカーテンのことはもういいじゃないか,1.0,0.026404373347759247
image,,インフルエンザの予防は、うがい・手洗い・マスク,-0.24096418518952545,-0.17731955647468567
image,,羊が15395匹 羊が15396匹 羊が15397匹,0.17495073218732893,0.23008814454078674
image,,TOEIC英語,-0.5211017204097173,-0.10276686400175095
image,,妻のワンダーコアのモノマネがつまらなさを超越してるんだ。助けてくれ,-0.32778127881365027,-0.4567297101020813
image,,「もう、渡せないかと思ってたラブレター受け取ってくれ」,-0.28165258061457576,0.6230716109275818
image,,紅に染まったこのオレオ,1.0,0.0748637318611145
image,,上杉謙信性別,-0.1716420747371854,0.002341785002499819
image,,園児なのに野生を覚醒させないの!!,0.19724569897570698,0.11325997859239578
image,,完全なマッスルスパーク,-0.44401631501304983,-0.4717516303062439
image,,この辺で黄色い車に乗った髭面見なかったかい?,-0.2045671752179079,0.04246808588504791
image,,シルク道路,-0.28165258061457576,-0.1832428127527237
image,,リア充,-0.14158381300447986,-0.24659188091754913
image,,木星のカービィ,-0.44401631501304983,0.17993050813674927
image,,えーとね、見た目は普通のよくある朝食って感じなんですけどね、こだわりがあるということでね、それでは早速、いただきま,0.09786532679066151,0.5347664952278137
image,,間違えて上司のパソコンにラブメールを送ってしまった。が、まんざらでもなさそうどころか危険な匂いすらする,0.2828612189135358,0.6643484830856323
image,,「地球が動いてるかもしれないって、お前それ本当か?」,-0.11393289262733997,0.37230509519577026
image,,え、もうカメラ回ってる/12時になりましたニュースのお時間です,-0.2045671752179079,-0.00013062823563814163
image,,鍵なくした....,-0.32778127881365027,-0.11122122406959534
image,,宿題側の解いてほしいという熱意が伝わらなかった,1.0,0.07752540707588196
image,,中折れ復活応援してくれよ,-0.11393289262733997,-0.1800791621208191
image,,チョップして切れるのがレタス チョップして怪我をするのがキャベツ,-0.32778127881365027,-0.1480715572834015
image,,キノコの精の大襲来,-0.08833213901850889,-0.2210940420627594
image,,カ/ンに貰えると思うな!,-0.08833213901850889,0.3020055294036865
image,,家族写真撮影中に知らない子がドヤ顔で入って来た,-0.24096418518952545,0.2637709677219391
image,,いろんな角度で俺を観賞すれば良いんじゃねーの!?,1.0,0.16205501556396484
image,,この辺の空気と、この辺のを交換して、大事に持っとく,0.11196736997390078,-0.035149626433849335
image,,そうそう俺の余命は後3分っってバカヤロウ,1.0,0.38362476229667664
image,,言うこと聞かない子はぁ~こうだ♥️\グキ/,-0.32778127881365027,-0.5302125215530396
image,,不合格だったけど、登校,1.0,-0.29060909152030945
image,,ザンダ,1.0,-0.560092568397522
image,,投稿したボケで、そのうちバ,-0.5211017204097173,-0.38364994525909424
image,,キタサンブラックナツキアイ,-0.5211017204097173,-0.35394012928009033
image,,スパー伊東/キラ100%,-0.24096418518952545,0.0365208201110363
image,,何すかの地上絵,-0.06449840760781256,-0.13647723197937012
image,,お市乳房,0.08316301918787916,-0.10140690207481384
image,,伊集院ひか,-0.14158381300447986,-0.30496880412101746
image,,見兼ねた無免許の彼が代わりに運転してくれました,-0.11393289262733997,0.27489039301872253
image,,コーナーキック,1.0,-0.3044643998146057
image,,"もうすぐ先生が家庭訪問に来る。早よオカンに変装せな。あかん、フ""ラどこや。(ピンポ~ン♪)ええわ、行ったれ。「は~い!」",1.0,0.5487019419670105
image,,ダンカンに絡むんだ,-0.5211017204097173,-0.4190789461135864
image,,ムーミンAは仲間を呼んだ!,-0.04220344081943439,0.05338537320494652
image,,「ひでーなタケシ!ボブの名前は母さんじゃなくて自分だよ!」と言いつつも俺の名前がマイケルだったことに気付き爆笑するタワシ,0.759646635118969,0.27981656789779663
image,,あの時黒い猫が凄まじい勢いで魚を持ち去ったのを見ニャした,-0.32778127881365027,0.32827556133270264
image,,新しいピロシキよ!,-0.24096418518952545,-0.24090051651000977
image,,半沢直樹の撮影中に何も知らずに止めに来る人達,-0.2045671752179079,0.11826090514659882
image,,自分型風船をどんどん膨らませてフリーキックに備える,-0.11393289262733997,0.06204426661133766
image,,レントゲン,-0.06449840760781256,0.11185143142938614
image,,そ/そー,-0.38103295279962135,-0.3706567883491516
image,,パパ...,0.034881964577232916,-0.10707130283117294
image,,『アジトが知りたければ身代金2億円用意しろ。ん?ピザピザピザピザ...ピザ。ここ?港の第三倉庫だ。き、貴様...謀ったな!』,1.0,0.2512285113334656
image,,見よう見まねの錬金術が失敗した,-0.32778127881365027,0.2956467866897583
image,,無地のパックをやめろ!可愛くなる努力をしろ!!,-0.38103295279962135,0.11274535953998566
image,,利用規約に同意しますか?,0.017162589006180395,0.31607720255851746
image,,関根勤小堺一機家の隣の人いかりや長助,0.5005766464491639,-0.125169575214386
image,,どうしてどうして僕たちは出逢ってしまったのだろう,-0.38103295279962135,-0.15422573685646057
image,,弱点をときどき出してくるタイプのボス,1.0,0.1764041930437088
image,,「ベジータはひよっ子です」,-0.32778127881365027,-0.2752158045768738
image,,加藤一二三四,0.8947345448544115,-0.1397707164287567
image,,あなたの首,-0.32778127881365027,-0.06781144440174103
image,,どこでもドリア,-0.28165258061457576,-0.2545788288116455
image,,へ~桑田にユーミンにサブちゃんかよ,-0.06449840760781256,-0.08802995085716248
image,,本体が回る,-0.5211017204097173,-0.45402026176452637
image,,教会系と家系,0.08316301918787916,0.022287901490926743
image,,恥ずかしがり屋なんで,-0.2045671752179079,-0.13897714018821716
image,,2人で引っ越し作業した。重い荷物を二人掛かりではこんでいるときの力んでる顔がお互い気になって見たら、想像以上にやばかった,-0.32778127881365027,0.5318112969398499
image,,電気消さない,0.6142384708510988,-0.1400260627269745
image,,コピー機...買ってください!,1.0,-0.24262306094169617
image,,水虫疑惑のカーペット,-0.06449840760781256,-0.05729009211063385
image,,グリムとイソップからのギャラが入金されなかった。,-0.6204820925947632,-0.19850778579711914
image,,何だろう?マッシュポテトで山を作りたくなってきた,-0.32778127881365027,0.4192678928375244
image,,いっぱつや,-0.5211017204097173,-0.5460471510887146
image,,ちょい右だ,-0.32778127881365027,0.13180680572986603
image,,賞賛の声,-0.7605508602048586,-0.08086495101451874
image,,わーいわーい遊園地だ/お父さん待ってよー/おい待てそこは遊園地じゃない。原子発電所だ,-0.1716420747371854,0.2048783004283905
image,,『人に騙されないための本』を買って1ページ目を開いたら「こういう本を買わないこと」と書かれていた,1.0,0.45351722836494446
image,,パンツにくっついたど根性ガエル,-0.11393289262733997,0.028161175549030304
image,,一人だけバナナ持ってきた,1.0,-0.25886887311935425
image,,"あ""www見えない壁にはばまれてwwwwお仕事に行けないでござるwwwwwww",0.37800286201085287,0.20909908413887024
image,,「どうしてもモンプチ食べたいねんてーっ!......えっ?CM明けるって?」「今晩は。ニュースの時間です。」,-0.2045671752179079,-0.1854405254125595
image,,ぶよぶよ,0.5467053446482388,-0.14403578639030457
image,,反重力スカートの完成じゃ!!,-0.021260538718001376,-0.09627830982208252
image,,明治ポ,-0.5211017204097173,-0.46937114000320435
image,,ミス医院,-0.5211017204097173,0.1738073229789734
image,,年長さんだ!,1.0,-0.4102731943130493
image,,喜怒哀楽,-0.32778127881365027,-0.014107776805758476
image,,ご主人の朝の歯磨きのえずき声でもらいえずき,-0.08833213901850889,-0.3124459981918335
image,,漢検,-0.32778127881365027,-0.36321377754211426
image,,ひとつもらうよ,1.0,-0.20378056168556213
image,,オウンゴール本日8本目,-0.32778127881365027,0.1104210764169693
image,,後に敵に捕まり、水式について吐かされる。,-0.44401631501304983,-0.1934213936328888
image,,違和感がワークする?,0.051736628591586564,0.2759128510951996
image,,ulol,-1.0,-0.5229674577713013
image,,詰め将棋,-0.7605508602048586,-0.35464638471603394
image,,とんかつの幻覚から逃げるダイエット中の戦隊ヒーロー達,1.0,-0.26876869797706604
image,,"""今日も""だろ",-0.24096418518952545,-0.05191607028245926
image,,0:0:255,1.0,0.08939619362354279
image,,どこでも半ドア,1.0,-0.033613912761211395
image,,何?キン肉マンが俺を呼んでいるだと?,1.0,0.1423565149307251
image,,林を見て森を見ず,-0.44401631501304983,0.08174033463001251
image,,このボケに☆をつければ、つけるほど幸せになります。,1.0,0.1599734127521515
image,,覚悟しろよコロナ!おれはお前を許さねぇ!,1.0,0.295308917760849
image,,フリンライダーが登場し一緒に消すと高得点ゲット!,-0.5211017204097173,0.34797751903533936
image,,ロボコップ試作機1号。伝説はここから始まった。,0.42010995383036054,0.31161364912986755
image,,プロテインしか出さない,1.0,-0.10177075862884521
image,,所々ジョージ,1.0,-0.1885611116886139
image,,私が宿題をなぜ忘れたのか...この話をするにはまず20年前中東の戦場で出会った1人の少女の話をしなくてはなりません...,0.06780706505795586,0.15679578483104706
image,,「アシカの奴が、アイドルの握手会に行って問題になってるらしい」「あの前足で握手しようというのが、まず問題だよね」,-0.24096418518952545,0.24503976106643677
image,,理教師なめてん,-0.5211017204097173,-0.08459785580635071
image,,いや、桃鉄の話じゃん!,-0.44401631501304983,-0.31898313760757446
image,,キメラの翼で到着,-0.14158381300447986,0.19241900742053986
image,,厳しい父親にな,-0.32778127881365027,0.028796423226594925
image,,ガリガリ君が当たった,1.0,-0.30361640453338623
image,,置といえばイナバ・・・って100人どころ,-1.0,-0.45782414078712463
image,,っとこワム太郎,-0.2045671752179079,0.13389179110527039
image,,ちょうどこのくらいのバナナを探してるんですけど,-0.2045671752179079,-0.1779603362083435
image,,桃太郎さん、金棒ぶんどってきました,-0.28165258061457576,0.2295507937669754
image,,ジャニー氏が社長で良かった。もしメリー氏が社長だったら『メリーズ』っていう紙おむつみたいなアイドル事務所になってた,1.0,0.0007472783327102661
image,,目が覚めた瞬間遅刻を確信 /シャワー浴びてスーツ着て時計見たら嘘やろ後2時間は寝れるやん,-0.2045671752179079,0.1334708034992218
image,,トイレで並んでたら、後ろのヤツの限界がきた,-0.28165258061457576,0.54741370677948
image,,飲酒前飲酒後,-0.04220344081943439,0.08415545523166656
image,,ひでーな父さん!俺の名前はマイケルじゃなくてボブだよ!と思いつつも自分がかつてはタケシだったことに思い馳せて号泣すタワシ,0.06780706505795586,0.282249391078949
image,,こいつらは一銭にもならん役立たず,-0.2045671752179079,-0.43425360321998596
image,,世紀末はとっくに終わってるわよ!!/もうケンシロウとか居ない?,-0.24096418518952545,-0.41295820474624634
image,,「あっち俺ん家じゃね?」,-0.11393289262733997,-0.022742200642824173
image,,okuNoOtonkimeee,-1.0,-0.5021983981132507
image,,おい、あれ見ろ。俺らより髪の毛あるぞ...,0.15111700077663248,-0.18300184607505798
image,,...... ......,-0.44401631501304983,-0.270493745803833
image,,「ふんじゃった♪」じゃねえよ。謝れよ。,1.0,0.12573203444480896
image,,モアイ嬢,-0.32778127881365027,-0.15493890643119812
image,,ジョンソンの「筋肉は無駄に使え!」今週は「船の出港を3秒遅らせる。」だ!,1.0,0.16884520649909973
image,,またんかい!ガリガリ君ドロボー!,-0.32778127881365027,-0.315580815076828
image,,説明は後だ!乗りな!,1.0,0.2482926845550537
image,,お前YKK下がってるぞ,-0.5211017204097173,-0.2542116641998291
image,,鍵盤が波打っている!,0.6567158505256292,0.3650663495063782
image,,ア/をそんな子に育てた覚えはないよっ!文句言わないでソリ引きな!,0.051736628591586564,0.42876964807510376
image,,深夜のラップ音が激しく、警備員が辞めがち,-0.38103295279962135,-0.07601799070835114
image,,神「バブ入れとくねー」,1.0,0.6194037795066833
image,,親父の葬式,-0.44401631501304983,0.2738173305988312
image,,スキューバ危機,-0.11393289262733997,-0.11377418041229248
image,,あの道、左に曲がったらこの道に出るんや!,-0.14158381300447986,0.10662702471017838
image,,分身すんだ...,-0.5211017204097173,-0.4412803649902344
image,,カムフロムアメリゴ,-0.5211017204097173,-0.40839460492134094
image,,あ!!信号無視発見〜,-0.1716420747371854,-0.27221953868865967
image,,1番星をもらったボケ.........未だに学生である私にとっては関係のないことでした。すみませんでした,-0.6204820925947632,-0.021366069093346596
image,,何回噛んでもホルモンの飲み込むタイミングが分からない,-0.08833213901850889,0.40207505226135254
image,,信者は食い物です,-0.14158381300447986,-0.04696996882557869
image,,岸和田アキ子,0.7215973059018022,-0.284758597612381
image,,やっべ。コタツ消したっけかな,-0.32778127881365027,-0.06773190200328827
image,,たかしです。昨今の円安でおかずが減ったとです。たかしです・・たかしで,0.8438636665532258,0.6615727543830872
image,,知らない女が知らない男と歩いている,1.0,0.3872787654399872
image,,国益,-0.32778127881365027,-0.004783965647220612
image,,私のパンチラで皆さんを惑わせて,0.18627804489840072,-0.31230899691581726
image,,「おい、聞こえてんだろ?分かってんだよ。心が読めるんだろ?」と、心の中でカマをかける。,-0.5211017204097173,0.24817779660224915
image,,口軽女,0.2743311043723744,0.3320002853870392
image,,わしは言われて気付く派,-0.5211017204097173,-0.2021830677986145
image,,オーライ!オーライ!    ((ガリガリッバッーン))...はい!OKでーす!,-0.14158381300447986,-0.21802136301994324
image,,ブラン娘,-0.06449840760781256,0.03218509256839752
image,,もう一度言,0.42010995383036054,0.0527273565530777
image,,大正解製薬,-0.04220344081943439,0.2216717004776001
image,,どんだけ期待されてなかったんだ,-0.5211017204097173,-0.49589547514915466
image,,「今日も晩餐やっちゃう?ユダちゃん、もう裏切んなよア~メ~ンッ!?」,1.0,0.37024396657943726
image,,1ヶ月も風呂に入ってない,1.0,0.03157787397503853
image,,「どうした?結婚は嫌か?」「違うの...嬉しくて...」,1.0,0.47193408012390137
image,,いいところで充電切れ,-0.11393289262733997,0.07870038598775864
image,,(うわっ...ボケての人だ...),1.0,0.1451737880706787
image,,坊主「見たけりゃ透視能力をつかえ!」俺「それが出来たらこんな画像見てねぇ」,-0.08833213901850889,0.4117698073387146
image,,隙間に入ったカメムシ潰した,-0.28165258061457576,-0.026826325803995132
image,,駆逐してやる...コロナをこの世から一匹残らず!,-0.11393289262733997,-0.03151795640587807
image,,ピアノ売ってちょ〜だい,0.8162127461760853,0.19368602335453033
image,,渋谷 新宿 池袋,-0.2045671752179079,-0.05360206589102745
image,,荒業,-0.32778127881365027,0.16724735498428345
image,,腐っても大陸,-0.32778127881365027,-0.3584194779396057
image,,....休載するわ,-0.32778127881365027,-0.4857296347618103
image,,SNSに晒される。,-0.5211017204097173,-0.2927507162094116
image,,禿げやすい,-0.28165258061457576,-0.22352823615074158
image,,アクセル踏んだら車が横向きに発進した,1.0,-0.2781214416027069
image,,イタズラで山田の髪に蛍の卵を絡めた...そして...1年後...クラス全員に希望と感動を与えたという,-0.08833213901850889,0.39062976837158203
image,,絵の具だった,-0.32778127881365027,0.1975192427635193
image,,夏の甲子園までのつなぎ,-0.38103295279962135,-0.2417013943195343
image,,まるで鳥になった気分だ,-0.1716420747371854,-0.07618449628353119
image,,本当は聴こえてんじゃね?,1.0,0.487701952457428
image,,やっぱり~?大問2の(5)さぁ~答えなしだよな~良かった~,-0.11393289262733997,0.39416971802711487
image,,写真を撮ろうとすると、いつも目の前に知らない白人が写り込む,1.0,0.7118711471557617
image,,入学初日から楽しそうなクラスで良かった,-0.1716420747371854,0.3383486270904541
image,,リアル約束のネバーランド,0.29118576838672805,-0.048424132168293
image,,マナーモードの調教に成功,0.9032296963788409,0.29448679089546204
image,,お手が上手くなったな、メアリー,-0.32778127881365027,0.08771488070487976
image,,無言電話,-0.6204820925947632,-0.15525811910629272
image,,『どうして怒ってるんですかぁ!ちゃんとモップがけしたのに!』「......それ、ワシのヅラ」,0.24739912720275625,0.6167157292366028
image,,タマが黒猫になった,1.0,-0.32756075263023376
image,,注目に載ると一気に進める,-0.38103295279962135,-0.2774868607521057
image,,オムツ,-0.32778127881365027,0.04416133835911751
image,,乳上~乳上~,0.8600850543379361,-0.0692252367734909
image,,海外,-0.5211017204097173,-0.23432648181915283
image,,これも進研ゼミのおかげだ。,-0.44401631501304983,0.20806866884231567
image,,おれ、ジャイアン,-0.14158381300447986,-0.42864227294921875
image,,なんかに住んでる,-0.2045671752179079,0.01456079538911581
image,,上げ,-0.28165258061457576,0.5193579792976379
image,,「ふりだしにもどる」,-0.2045671752179079,0.4662376046180725
image,,出荷,-0.32778127881365027,-0.11349129676818848
image,,小泉,-0.24096418518952545,0.5103191137313843
image,,ご主人、今日だけ代わってあげるけど、ちゃんと自分で縦列駐車できるようなりなね,-0.28165258061457576,0.15062721073627472
image,,ランダムで1人落とすから,-0.28165258061457576,-0.1829930543899536
image,,『シリアル番号を入力して下さい』がよくわからないので、ケロッグのシリアルをPCに見せてみる,1.0,0.43052321672439575
image,,山麓にオウム鳴く,-0.5211017204097173,-0.2621111273765564
image,,プーチャン,0.861666073511898,-0.2608817219734192
image,,「ひでーな母さん!俺の名前はマイケルじゃなくてボブだよ!」と言いつつも自分の名前がタケシだったことに気付き爆笑するタワシ,0.5180716296209482,0.21485260128974915
image,,証明写真機の撮影タイミングがどうもわからない,0.08316301918787916,0.48768937587738037
image,,彼女→妻→鬼,-0.14158381300447986,-0.1771996021270752
image,,ストロングパワー彩芽,1.0,-0.0768425315618515
image,,ふ、風呂を貸せ,-0.32778127881365027,-0.06571724265813828
image,,これで酒もタバコもやり放題だゼ!!(※成人→18、酒・タバコ→20),-0.24096418518952545,-0.09469248354434967
image,,iPhoneの奴。いつまでもの予測変換の最後見てみ,1.0,0.5411221385002136
image,,朝起きた時間が試合開始時間だった事,-0.2045671752179079,0.38922950625419617
image,,「何を一人で悩んでるんだ。その悩みを俺に、ぶつけてみろよ!」と、悩みの原因が言ってきた。,1.0,0.5725185871124268
image,,ライフに乗ってる女子は、可愛い子が乗ってる確率が高いお,0.12551624716780152,0.21235215663909912
image,,デスノートに名前書くのが,-0.32778127881365027,0.05140704661607742
image,,カップヌ.ードルを2分で作ってバリカタ麺の状態で1分で食べることに成功したがエビアレルギーだった,-0.28165258061457576,0.1088210791349411
image,,ところで今日エビチリだっけ?,-1.0,-0.492618203163147
image,,恐らくこのお題は下品な解答で溢れるぜ,-0.44401631501304983,-0.16275586187839508
image,,あ〜あ、腹減ったなー...ザ.ワールド!!︎,-0.28165258061457576,-0.5354994535446167
image,,どん兵衛作る時とか便利,-0.24096418518952545,-0.33506184816360474
image,,「〜に見えたら☆3つ」のボケを投稿して袋叩きにされる。一回休み,-0.2045671752179079,0.1285499632358551
image,,うるさい,-0.32778127881365027,0.1433148980140686
image,,東京都知事,-0.24096418518952545,0.04478152468800545
image,,星がつく?そんなはずない,0.5005766464491639,0.2994005084037781
image,,きび団子の効果が予想外すぎる,0.6361296362065589,-0.08495418727397919
image,,自習を伝えに来た先生,-0.11393289262733997,0.3320264518260956
image,,「ラフってそういう意味じゃない」,-0.32778127881365027,0.5470776557922363
image,,俺くらいになると口で餅つき余裕だから,1.0,-0.4497113823890686
image,,野球の創始者たちが、ルール作りに試行錯誤していた頃,-0.2045671752179079,0.25853902101516724
image,,「地震です」「収まりました」「余震です。,1.0,0.012271089479327202
image,,パパパパウアー!ドドン!,-0.38103295279962135,-0.5100024938583374
image,,「む?なんだこの井戸は?」,1.0,0.5815025568008423
image,,総理にポテトのサイズを聞くの忘れて戻ったら...,-0.11393289262733997,-0.1238272413611412
image,,葬儀場に突っ込んで,0.610994765455295,0.3752705454826355
image,,金「桃ちゃん白い犬がいるけど仲間にしなくていいの?」桃「いやぁやめとくよ彼を仲間にしたらまずいきがする」,-0.14158381300447986,0.29730233550071716
image,,イベント「総力戦鬼ヶ島」めちゃくちゃガシャって4体SRを出した!いける!,0.09786532679066151,0.4531722068786621
image,,諦めたらそこで試合終了ですよね?,1.0,-0.571244478225708
image,,チュートリアルはこれでおしまい、よく頑張ったね♪そんなキミにはこのモンスターをプレゼント!大切に育ててあげてね!!,-0.32778127881365027,0.14503967761993408
image,,もはや赤飯炊こう,0.017162589006180395,-0.05459020286798477
image,,サンズを◯している人がいたんですけど、捕まえられま,-0.1716420747371854,-0.27792221307754517
image,,『ただいま~、何とか手術成功したよ~』「か!会長!?」,0.30725620485309735,0.20419305562973022
image,,やっぱ会計は別な,0.47738323419589834,-0.17992964386940002
image,,目の前で飛び降りした生徒を持ち前の反応速度でキャッチするビーター(58歳),-0.2045671752179079,0.23968051373958588
image,,セクシーな映像が流れて、気まずい空気な親子,1.0,-0.02837963216006756
image,,付き合って下さい,-0.04220344081943439,-0.07488290220499039
image,,あっ!美味しそうなネズミ!/ご主人が食うんかい...,-0.04220344081943439,-0.015220064669847488
image,,1分以内に気付いたら☆1コ。,-0.2045671752179079,0.1264423131942749
image,,エアロゾル,-0.28165258061457576,0.16573113203048706
image,,しろにいます,-0.14158381300447986,0.030237745493650436
image,,手についた納豆の糸は/こうやって/こう!(アレ?!),-0.28165258061457576,0.0818328782916069
image,,ええ~!?赤い稲妻が僕を責めるのかい!?,1.0,-0.22359681129455566
image,,「今日は心に響く話を聞かせてやる」と言った隊長が「ごんぎつね」を朗読しながら泣き出したので少しづつ距離を取る隊員達。,0.034881964577232916,0.6505142450332642
image,,手を上げろ!,0.344437442372699,0.19431564211845398
image,,実が出た,-0.14158381300447986,-0.4140468239784241
image,,投げた風車が御隠居に刺さってしまい、クビを覚悟した瞬間,-0.14158381300447986,0.3287522792816162
image,,女_子更衣室に突撃した勇者の最期,-0.32778127881365027,0.019164063036441803
image,,袋、穴空いて,-0.28165258061457576,-0.009003804996609688
image,,少しでも悲しいシーンになると泣いてるか確認してくる,1.0,0.30192679166793823
image,,3日分のチン,-0.38103295279962135,-0.28493040800094604
image,,将軍!御恩と奉公の御恩をお忘れではニャいですか!,-0.32778127881365027,0.43173396587371826
image,,なに!?スリップストリームだと!!,0.051736628591586564,-0.04045872762799263
image,,ッへッへ/ッハッハ,1.0,0.37137436866760254
image,,いや〜危なかった〜,0.017162589006180395,-0.2211693823337555
image,,シャリがスパーイ。,-0.1716420747371854,-0.2265479564666748
image,,あと3回以上、回せます券,0.462680926593116,-0.027074769139289856
image,,顔は覚えてないんだけど名前は思い出せない,-0.11393289262733997,-0.26936835050582886
image,,ちょっと年齢きいただけじゃん,-0.32778127881365027,-0.15458939969539642
image,,自分の部屋に窓が欲しいと言ったらムハンマドつけられた,1.0,-0.23418286442756653
image,,顔に似合わず胸板も厚いという着痩せするタイプであ,-0.5211017204097173,0.15583640336990356
image,,少年ペヤング,-0.04220344081943439,0.45535218715667725
image,,釈迦デイナイトフィーバー,-0.32778127881365027,-0.23043867945671082
image,,店長「おいっ新人のボブ!お前は何をしてるんだ!」ボブ「店長!これ最高っすよ!無限に出ますよ!」,1.0,0.44143128395080566
image,,普段はのろのろしてるのに、お中元の時期になるとインターホンが鳴った瞬間誰よりも早く動く,0.2282024061732999,0.6325941681861877
image,,はく製がいいか?それともクマ刺しがいいか?,-0.32778127881365027,-0.041396621614694595
image,,「もし、もしだよ?私が情報流してるその女スパイだったら嫌いになっちゃう?」『待って。2つカミングアウトされて混乱してる』,1.0,0.5958778858184814
image,,シェアハウス募集に書いてあった「2段ベッド完備」に騙された,-0.2045671752179079,-0.1681535392999649
image,,「なぁ、あいつ黒板消すのはやくね?」「ああ、だから邪魔すんな。」,-0.021260538718001376,0.4879782199859619
image,,鬼滅の刃の続編だってよ!,-0.5211017204097173,0.2344522327184677
image,,「この先は揺れるから、坊や達はしばらく寝てなさい」,-0.24096418518952545,0.18440687656402588
image,,ん?被害届?,-0.32778127881365027,-0.23531684279441833
image,,ふれあい広場⇔隔離施設,-0.0015150453943845177,0.2820732593536377
image,,やなせでたかし,1.0,-0.37480229139328003
image,,"lueretto,okudak",-0.7605508602048586,-0.5497820973396301
image,,みんなに嫌われた野田が遂に水にも嫌われた,-0.32778127881365027,-0.18399861454963684
image,,父さん.........,1.0,-0.19871792197227478
image,,お箸一本無くした〜,-0.2045671752179079,-0.02442764677107334
image,,簡単な事だ!右足が落ちる前に左足を上げて、左足が落ちる前に右足を上げる!それの繰り返しだ!,0.017162589006180395,0.5474854707717896
image,,グリーン車って言うほど緑色が少ないですね,0.2181886010771401,0.20843704044818878
image,,カラオケで殴りがち,-0.5211017204097173,-0.016856268048286438
image,,ヤクルトの助っ人外国人を金で買収して,-0.44401631501304983,-0.0033898912370204926
image,,ダメ夫に発砲してもらえま,-0.2045671752179079,-0.34585291147232056
image,,ブルーレイ,0.17495073218732893,-0.005675360560417175
image,,ほん怖が頭から離れない,-0.28165258061457576,0.07693985104560852
image,,もう一回試食してくるわ,1.0,-0.2491627335548401
image,,だぶ,-0.5211017204097173,-0.47703972458839417
image,,Getupwild,-0.04220344081943439,0.25339990854263306
image,,ポケットに忍ばせたバナナが最悪のバレ方,-0.2045671752179079,-0.26549410820007324
image,,いたりあでもほ_もでありたい,-0.5211017204097173,-0.3895229697227478
image,,類似,-0.32778127881365027,0.12704962491989136
image,,ぐるぐるバットで回ってる時,-0.24096418518952545,-0.26799529790878296
image,,少しずつ下にスクロールしてください。ほら、見えたでしょう?もうひとつの顔が,-0.24096418518952545,0.1854395866394043
image,,「ひでーな母さん!俺の名前はタワシじゃなくてタケシだよ!」と言いつつも自分の名前がボブだったことに気付き爆笑するマイケル,1.0,0.29181361198425293
image,,かおりちゃんと結婚したら、磯野香りになるから番組的に オシャレだな...,1.0,0.5573375225067139
image,,騒な物売りやがって、こんな事して何が楽しい?詐欺として訴えるぞ!!こんなの、物売るってレベルじゃねぇぞ,-0.5211017204097173,-0.13837815821170807
image,,ウチのペッパーはやる気がない,0.6269170346079931,-0.12488818913698196
image,,あーよかったー。家の鍵あったわー。,-0.28165258061457576,0.060610733926296234
image,,ゴルゴではないものです。,-0.04220344081943439,-0.028220318257808685
image,,方正、今年もビンタ,-0.24096418518952545,-0.14030441641807556
image,,太陽真上かい!,-0.32778127881365027,-0.03229605406522751
image,,B型と揃うと表裏が分かりにくい,-0.44401631501304983,-0.11172045022249222
image,,リーリーリー,0.2828612189135358,0.030031956732273102
image,,しめつけの刃,-0.24096418518952545,0.04315252974629402
image,,大分マシな掃除をするようになったじゃねえか,-0.2045671752179079,-0.28860288858413696
image,,あ、レッドカード...,-0.5211017204097173,-0.15393918752670288
image,,小野妹子って子が部下になると聞いてドキドキが止まらない,-0.1716420747371854,0.069917231798172
image,,分かったかパンサードヴィル,-0.24096418518952545,-0.3414558172225952
image,,とおるるるるるるるる,-0.32778127881365027,0.20753119885921478
image,,走馬灯に全く身に覚えのないワンシーンが映し出された,-0.04220344081943439,0.4726104736328125
image,,児島だよ!,-0.38103295279962135,-0.1974399834871292
image,,英世へ,-0.6204820925947632,0.007346261292695999
image,,トップのボリュームを抑えて、毛先を遊ばせている,1.0,-0.2891286611557007
image,,ぼくんちでおもしろいことして遊ぼう,1.0,-0.2542417645454407
image,,なぜ鬼を倒せたか教えてやるよ。体でな,-0.32778127881365027,0.15742388367652893
image,,ナスを残した夜,1.0,0.09811614453792572
image,,()の中の歌詞もひとりで歌う歌う。,-0.32778127881365027,0.23045779764652252
image,,歩行者用信号オーディションに落ちて傷心旅行中の黄田くん,-0.24096418518952545,0.3295407295227051
image,,嫁/旦那,-0.1716420747371854,0.20959420502185822
image,,Pスイッチの効果が切れた,-0.14158381300447986,0.4881590008735657
image,,誰かあの日直を止めて!,1.0,0.6233908534049988
image,,昨日ドクターXを見た,-0.28165258061457576,-0.022647280246019363
image,,マインクラフト1日目一度もしなずに夜が明けた,-0.32778127881365027,0.14558008313179016
image,,受話器で火傷しま,-0.28165258061457576,0.09075652062892914
image,,使った事の無い謎のボタンがある,-0.44401631501304983,-0.3386271595954895
image,,1巻/10巻/最新巻,1.0,-0.16472260653972626
image,,老後が/若い内にイ,-0.5211017204097173,-0.2121654450893402
image,,早く原稿書け、バーーカ!,1.0,-0.27076953649520874
image,,おめでとうございます。元気な男の子ですよ。,0.48684826699789774,0.5050103664398193
image,,おっとー、おれをどけたら消されるぜ、このお題。,-0.2045671752179079,0.12859845161437988
image,,綺麗な夕陽だなぁと思ったら、否!それは戦さ場から返り血を浴びて帰還したオレオでござったのだ!,-0.32778127881365027,0.2328859567642212
image,,引っ越し前にクラスのみんなからの寄せ書きを貰って感動したけど、翌日よくみたら全て筆跡が担任と同じ,1.0,0.6942295432090759
image,,惜しいです。ピカだけは合ってます。,-0.11393289262733997,0.3816920816898346
image,,待てよ、ちゃんと話し聞けって...,-0.32778127881365027,0.5182321071624756
image,,また統一教会に騙されて壺買ったのね?,-0.24096418518952545,-0.036667533218860626
image,,ひとみ婆さんのモノマネ,-0.32778127881365027,0.051369789987802505
image,,俺は隣の客の柿食う客だ,0.29931442781411133,-0.1534418910741806
image,,押し込みたいランキング世界4位,-0.32778127881365027,0.030723974108695984
image,,お前はソ連兵か,-0.06449840760781256,0.1649489402770996
image,,ナウ/イカ,-0.5211017204097173,-0.14113803207874298
image,,チンを狙えと言ったんだ、お前が狙ってるのはチ〇チンだ,-0.32778127881365027,-0.11676053702831268
image,,そいつはおと...,1.0,-0.6507949829101562
image,,はい、クラスの皆さんが静かになるまでに先生、退化してしまいました。,-0.1716420747371854,-0.008402177132666111
image,,電話をかけて相手が話し中だった場合1分以内に「159」に電話をかけると相手が話終わったことを電話で知らせてくれる,1.0,0.5599260330200195
image,,序盤の嫌な奴はゾンビに襲われてやられ、忘れた頃にゾンビとして2度やられる。ラスボスなら最終形態で3度おいしい,-0.32778127881365027,0.01728145033121109
image,,バイバイ言ったあと帰る方向が同じで気まずいからちょっと遅めに歩く,-0.28165258061457576,-0.013115501031279564
image,,(家の鍵閉め忘れてた),0.017162589006180395,-0.08341515064239502
image,,上を向いて歩こう涙がこぼれないように,1.0,0.20284295082092285
image,,僕が排便を止める事は無かった,-0.44401631501304983,-0.025709623470902443
image,,酸素のない惑星に遭難した寂しさを紛らわすために焼きマシュマロを食べようと思う,1.0,0.2583189010620117
image,,1549年ザビエル来日,1.0,-0.08745261281728745
image,,今の俺,0.5943030121190502,-0.08342991024255753
image,,ダイヤモンドフユカイ,0.569490662245034,-0.1766015738248825
image,,むせ返るようなお酢の匂い。混ぜ込まれた五目の具材。初めての経験に不安を隠せない米子を、揚げ彦はそっと抱きしめた。,1.0,0.35001814365386963
image,,キエ?キエエーキエキエキエエエエエエエエェェエエエー!!,-0.5211017204097173,-0.4483301043510437
image,,は?予約キャンセル?,1.0,-0.43075716495513916
image,,ハッキングパパ,1.0,-0.13611504435539246
image,,このボケに貰える星の数×1円,-0.7605508602048586,-0.050233565270900726
image,,忘れてた,1.0,0.36022835969924927
image,,「某漫才師も言っているように、スピーチとスカートは短い方がよろしいかと存じますので...」,-0.28165258061457576,0.26857706904411316
image,,『戦場の狼』と畏怖されている上官が、まさかの前飼ってたタロウだった...。今度は俺が戦場で捨てられ気がする。,-0.24096418518952545,0.22937193512916565
image,,検索履歴はこうやって削除するん,1.0,-0.15813526511192322
image,,与作は木を切る〜ヘイヘ違法〜ヘイヘ違法〜,-0.1716420747371854,-0.14332909882068634
image,,むかたしむかたし,1.0,-0.2626574635505676
image,,え?帰んの?,-0.06449840760781256,-0.3897462785243988
image,,さぁー見なさいあなたのマイページよ!黒歴史もいいとこね(笑),-0.32778127881365027,-0.03599372133612633
image,,もがれて食べられるのを待つ巨峰達、シャルロットとは恋仲で永遠の別れを受け止める演技がいよいよクライマックス,-0.32778127881365027,0.4354654848575592
image,,女癖が悪く、裏でのあだ名はオサ,-0.5211017204097173,0.2939852774143219
image,,今日は誕生日。朝起きてLINEやメールを確認するも誰からも祝福の言葉が無い。ため息混じりに仕事場に入ると,1.0,0.740803062915802
image,,「おーい!この枠、いつまで押さえてりゃいいんだー!?」,-0.32778127881365027,-0.14637480676174164
image,,何とは言わないが削減の効果が感じられない,-0.32778127881365027,-0.13456478714942932
image,,高校生の時の修学旅行で冗談のつもりで抱きついてしまっまY君、ごめんなさい僕はガチでした,-0.5211017204097173,-0.01279950886964798
image,,修学旅行の夜、どちらが遅くまで起きていられるか対決が佳境,0.017162589006180395,0.40770214796066284
image,,卍解ッッ!!,-0.1716420747371854,-0.0988706648349762
image,,交互に見れるか/ひじ,-0.5211017204097173,-0.1830105185508728
image,,奇遇ですね私もこの店に強盗で入ったんですよ,-0.32778127881365027,0.31092655658721924
image,,のび太の妹,-0.44401631501304983,-0.31056585907936096
image,,BO君が代,-0.11393289262733997,0.3121773600578308
image,,ダイソンに吸われるダニ,0.33731446658580255,-0.22828754782676697
image,,お祈りするのがアーメン、追い海苔するのがラーメン,-0.38103295279962135,-0.08968327939510345
image,,2階から目薬したときの目の表面。,0.06780706505795586,0.04094799607992172
image,,操作方法わからない,-0.2045671752179079,-0.20855645835399628
image,,そのフォルダはダメじゃ!,-0.1716420747371854,-0.3461242914199829
image,,途中で「ドゴーム」にならないと、バクオングにはなれない,-0.11393289262733997,0.5172784328460693
image,,四谷駅階段,0.35141650976904226,0.10773894935846329
image,,タートルヘッド飛び出したぁー!,-0.38103295279962135,-0.3586982488632202
image,,「もしもし、オレオレ」「え?新一?」「そうそう新一、新一。お久~」,-0.021260538718001376,0.391801655292511
image,,ここで一曲お聞きください。スタン,-0.44401631501304983,0.0654798373579979
image,,漬け物にしたら美味しいのが白菜,1.0,0.006456837058067322
image,,ポケットに入ったままのティッシュが洗濯機によって召される,1.0,0.053642354905605316
image,,今みで積み上げてきたものを一瞬で消せるよ,1.0,-0.08145558089017868
image,,GTOは反町しか認めんぞ!,-0.14158381300447986,-0.0225079208612442
image,,トイレ掃除から皿洗いに昇格,-0.38103295279962135,-0.1359943300485611
image,,実に、面_白くない・・・,-0.32778127881365027,-0.2484654039144516
image,,寒冷前線が通過して風向が北寄りから南寄りに変わった。,-0.1716420747371854,-0.07192404568195343
image,,シャンシャン手拍子♪足拍子♪~太鼓叩いて~♪杖ついて,-0.38103295279962135,0.16543884575366974
image,,対向車も犬が運転してるっ!?,-0.08833213901850889,0.06406210362911224
image,,マツモトキヨシ,-0.11393289262733997,0.15071238577365875
image,,カッコつけて「俺が奢るよ」と言ってレジに来て今気づいた。,-0.2045671752179079,0.18987300992012024
image,,人のこと言えた顔かよ,-0.5211017204097173,-0.03310403227806091
image,,「本当だ...イグ・ノーベル賞で言ってた通り股のぞきで池乃めだか師匠見たら実際より小さく見える...」,-0.32778127881365027,0.535723090171814
image,,ヘビーローテンション「残業中〜半休中〜減給中〜なんだ仕事がしたくないヘビーローテンション」,0.32261215898302065,0.4284001588821411
image,,飼い猫が本気を出す前と出した後がヤバすぎ,-0.11393289262733997,-0.1271268129348755
image,,妖忌「妖夢...お前も幻想郷を抜けて来たのか...ところで半霊はどうした?」,0.5347231462689488,0.5170683860778809
image,,今のプレーは違反だが、互いの気持ちに気づいていながら追いかけないのはもっとルール違反だ。レッドカード。退場だ、行ってこい,-0.11393289262733997,0.6454553604125977
image,,ットリ,1.0,-0.560602068901062
image,,ほら、男の子は人前で泣いちゃダメだぞ!これで涙を拭い...『あーっと倒されたかと思われた方がまさかの一発退場です』,0.06780706505795586,0.6217352151870728
image,,グリーンピースが苦手なんだな,-0.32778127881365027,-0.058727994561195374
image,,ポイントカード作りますよね!?,1.0,-0.11410719156265259
image,,わたし/これ以上働かせるな,-0.2045671752179079,0.12311363220214844
image,,本当に温めないんですか?,0.6623791263187726,-0.3339809477329254
image,,最近ハマってる遊び,-0.24096418518952545,0.03923603147268295
image,,彼女が「2人で食べましょう!」と言って持ってきたパピコの上のちぎった部分だけ渡してきた,1.0,0.46698907017707825
image,,「あー、テポドン!もうそんな季節なんだねぇ」,-0.1716420747371854,0.5057287216186523
image,,地図と間違えて息子の成績表を持ってきたが、あまりの酷さに目が離せない,1.0,0.5218420028686523
image,,仕事は選ぶものじゃない。仕事に選ばれるのだ。ただ私は選ばれなかっただけの話だ。,-0.7605508602048586,0.49407291412353516
image,,お待たせじゃぁぁぁぁぁぁぁぁ!,-0.1716420747371854,0.019878562539815903
image,,七夕のは食っちゃダメって言ったろ,1.0,-0.2884429395198822
image,,オレンジを踏み外すとヤバイって聞いた,-0.2045671752179079,-0.13049180805683136
image,,腫瘍,-0.28165258061457576,-0.3784024119377136
image,,雨?しまったレインウェア忘れた,0.2181886010771401,0.1707872450351715
image,,こないで〜/わかった言う通りにするから/けっきょく刺すんかぁーい!,-0.32778127881365027,0.30715763568878174
image,,にょう道雲,0.034881964577232916,0.23014557361602783
image,,いい事していけば干支に入れると聞いたんで!,0.06780706505795586,0.2697503864765167
image,,今ごろになってパンツが見えてる事に恥を覚えた,-0.32778127881365027,0.2576235830783844
image,,ヘイ!Freeeeeeeeeze!!!,-0.5211017204097173,-0.07612316310405731
image,,発芽/生育/収穫,-0.14158381300447986,-0.16439935564994812
image,,いや、油ハゲとは呼んでますが,-0.04220344081943439,0.32359588146209717
image,,序→破→Q,-0.24096418518952545,0.1960022896528244
image,,見てこれ、うまそうだろ?でもこれは僕の。欲しい?食べたい?でもこれは僕の。,1.0,-0.025378044694662094
image,,地球回してんの、ワシやで,0.08316301918787916,-0.05025085434317589
image,,無人島生活オーディション.,-0.24096418518952545,-0.26250582933425903
image,,「おっと、ここから先は有料だぜ☆」,0.522310358708677,0.5773614048957825
image,,私の先祖も小泉なんですよ,-0.28165258061457576,0.5215134024620056
image,,観客を巻き込んだ俺のプロポーズに会場は大いに盛り上がったが一番盛り上がったのはここまでしたのに断られた時だった,1.0,0.7198607921600342
image,,しずかちゃんのお風呂場開けたら居た,-0.08833213901850889,0.25195860862731934
image,,日_本の芸術「メガネ、メガネ」が大流行,-0.2045671752179079,0.14027449488639832
image,,何でち○ち○付いてないんだよ!!️,0.13855372221571138,-0.3058459162712097
image,,先手 六三 ポ,1.0,0.32281649112701416
image,,"来年から,昭和顔・平成顔・令和顔云うらしいデ➰(笑)w-",-0.2045671752179079,-0.32828158140182495
image,,「あの野郎うまくやりやがって。」,-0.28165258061457576,0.05156243219971657
image,,テレビで金総書記のパレード見てからずっとこうなんだ。,-0.28165258061457576,0.14872094988822937
image,,実写番にゃんこ大戦争,-0.2045671752179079,-0.3096762001514435
image,,こっからどうするんだろう...?,-0.28165258061457576,-0.5064588785171509
image,,全校朝会中の息子,-0.11393289262733997,-0.12525451183319092
image,,その子は桃から生まれたので、松崎しげると名付けました,-0.11393289262733997,0.19334697723388672
image,,鉄板ギャグと確信していた「あんたがこれくらいのときから知ってるんやで」が、関東では残酷なくらいスルーされる,-0.24096418518952545,0.1722647249698639
image,,NEXTコナンズHINT「愛のメモリー」,-0.28165258061457576,0.0592617429792881
image,,こう見えて、生徒です。,-0.32778127881365027,0.21911555528640747
image,,ラーメン大好き小池さん,-0.28165258061457576,-0.22988781332969666
image,,(あれがシェフの気まぐれサラダじゃありませんようにあれがシェフの気まぐれサラダじゃありませんようにあれがシェフの気ま...),1.0,0.054842524230480194
image,,あればこんな時間にボケてない,-0.32778127881365027,-0.14845648407936096
image,,値段が高い,0.29931442781411133,0.05394566431641579
image,,あれがただの風邪だと思えるかよ...,0.051736628591586564,-0.24383613467216492
image,,のび太が間違えて来たけどフツーに怖くてキレられない,-0.2045671752179079,0.5179552435874939
image,,テイジデ、アガリマス,0.7510635330653908,-0.23927494883537292
image,,なんて日,0.2181886010771401,0.08261045813560486
image,,いえハゲって呼んでます,1.0,0.39336779713630676
image,,杏は災いのもと,-0.44401631501304983,0.22513733804225922
image,,油淋鶏のタレ,-0.44401631501304983,-0.244663804769516
image,,お前と同類だ,-0.32778127881365027,0.05328969657421112
image,,ちーがーうーだーろ違うだろ!,-0.28165258061457576,-0.17439144849777222
image,,バタコフ,1.0,-0.11896191537380219
image,,スナフキン「くっちゃくっちゃくっちゃくっちゃくっちゃ...」,1.0,-0.386610209941864
image,,この中から8を見つけたら星をくれ。そいつのボケ8個に全部☆3くれてやる,1.0,0.16306087374687195
image,,爆問太田,-0.1716420747371854,-0.11280647665262222
image,,これあげようか?ほら、上げてやったよ❗,-0.2045671752179079,-0.2687147855758667
image,,こんばんは,-0.28165258061457576,-0.1259259581565857
image,,スイカ探すよ〜/目隠しはいい〜,-0.32778127881365027,-0.40262970328330994
image,,鏡の自分/本来の自分,-0.2045671752179079,-0.13584253191947937
image,,ゆとりの耳に念仏,-0.2045671752179079,-0.29995429515838623
image,,アイスのフタの裏を舐めようとすると馬鹿にした感じでマネしてくる,1.0,0.1796889305114746
image,,つながるか、ツナがあるか,1.0,-0.17259007692337036
image,,農協を通さないやり方,1.0,-0.2752675414085388
image,,マケタラバサシ,-0.28165258061457576,0.16022466123104095
image,,分身膨らますのも楽じゃねぇや。。。,-0.32778127881365027,0.1978943645954132
image,,「共学行けば彼女できるよー」,-0.2045671752179079,0.12402136623859406
image,,先生なんですよね?,-1.0,-0.04409343749284744
image,,ボブの頭のなかで店長の言葉が蘇る「お客様の目を良く見てスマイルで」...と,-0.2045671752179079,0.4651935398578644
image,,え?お見合い!?/わかりました。,-0.32778127881365027,-0.3023371696472168
image,,ジャストミート!クイズの解答権を得る,-0.5211017204097173,-0.39552414417266846
image,,大サンジ・人ナミ以下,0.5137802441675159,-0.16384932398796082
image,,今日もギネス記録まであと一個という所でマイケルの屁の風圧でドミノが倒れた,-0.08833213901850889,0.2917702794075012
image,,もしもし!?友達が毒キノコ食べて幻覚を見てます!,1.0,0.3457906246185303
image,,まあスピーチと紛争は短い方が良いなんて言いますけども,1.0,0.6355177164077759
image,,厚切りジェイソンは忙しいが、チャックウィルソンなら空いてんじゃね,-0.5211017204097173,-0.03529616445302963
image,,第一次・第二次世界大戦の発祥は我が国だと言い出した,-0.5211017204097173,-0.20310960710048676
image,,ずいぶん年を取ったな志村     パン君なのかい,-0.32778127881365027,0.04892365261912346
image,,先生、気分が悪いのでジム行ってもいいですか?,1.0,0.08745864778757095
image,,弱点はあな,-0.11393289262733997,-0.4110547602176666
image,,高_校落ちた、日_本しネ,-0.11393289262733997,0.2362246811389923
image,,眠りに落ちかけた瞬間、強烈なやつが来た。,0.6761439785659897,-0.25073546171188354
image,,あぁこれくれる。絶対くれる。パターン入った。,1.0,-0.1046638935804367
image,,1対2か・・・頑張れタイガース。,-0.32778127881365027,-0.12245891243219376
image,,おいおい、また随分な手抜きキャラがいらっしゃいましたな。,0.6970868806674229,0.03644952178001404
image,,やっべ!うちにあるもの賞味期限ぜんぶ平成じゃん!,1.0,0.49621453881263733
image,,この夏脇汗パラダイス,-0.5211017204097173,-0.4017232358455658
image,,ざ〜んねん!チェンジは2回までよ〜,-0.2045671752179079,-0.3468340039253235
image,,グレープフルーツならあります,1.0,-0.11283490806818008
image,,ROUND1FIGHT!!,-0.021260538718001376,0.2338346391916275
image,,おさるの常侍,-0.28165258061457576,0.13920912146568298
image,,いいか?あれは悪い例だ,-0.32778127881365027,-0.3913722634315491
image,,この連帯保証人ってとこでいいんだな?,-0.38103295279962135,-0.12855133414268494
image,,笑うだけ笑って星を付けない,-0.5211017204097173,-0.0071042925119400024
image,,自分目線,1.0,-0.11542126536369324
image,,洗場猫,-0.11393289262733997,0.17314159870147705
image,,どんな3桁の数字でも2回繰り返して6桁の数字にすると必ず7でわれる,1.0,0.344957560300827
image,,恋はスリル、ショック、サスペンス,-0.24096418518952545,0.24151082336902618
image,,主人公を選んでください,-0.32778127881365027,0.4064338505268097
image,,今は昔、竹取の翁と言ふ者ありけり。野山にまじりて竹を取りつつ、もと光る竹をカウンターの裏の間接照明に。何と言う事でせう。,1.0,0.3697051405906677
image,,ことより、今日の晩御飯。,0.051736628591586564,0.08103273808956146
image,,6つ子が全員うざい,0.24739912720275625,0.2603693902492523
image,,本人からやっとOKが出た影武者1号。,-0.08833213901850889,0.4833429753780365
image,,コンビニがあるわ、アクセル踏まなきゃ,-0.2045671752179079,-0.16570229828357697
image,,いいかい?白を保とうとするから疲れるんだ。1度でも茶色に混ぜると後はもうどうでも良くなる。これはカレーの理論と同じさ!!,-0.14158381300447986,0.1283138245344162
image,,その点、トッポは最後までチョコたっぷりー!!,-0.32778127881365027,0.18085616827011108
image,,どん兵衛,0.522310358708677,0.1484907865524292
image,,みんな断れないレベルにかわいい,-0.06449840760781256,-0.22417005896568298
image,,三年B組金(キム)先生,0.26558501477789687,0.40913137793540955
image,,さ行,-0.5211017204097173,-0.08471624553203583
image,,もう2時間経つけど、ほんとにここで待ってればいいの?,-0.021260538718001376,0.11248375475406647
image,,...角砂糖...僕の洗ってた角砂糖は?,1.0,-0.11097291111946106
image,,このボケに☆をつけるのは立派なことだ。立派なことをする人の財布に私は行くだろう。,1.0,-0.2837621569633484
image,,のび太のおじいちゃん,-0.5211017204097173,-0.45394575595855713
image,,コレステロールの数値が,-0.2045671752179079,-0.0214784387499094
image,,あーこれ君の車?,0.24739912720275625,-0.12813697755336761
image,,年寄りに冷や水かけた,0.06780706505795586,0.0007145609706640244
image,,もう、いいんじゃ。     行こうか、バタコ・・・,-0.32778127881365027,0.3071199655532837
image,,「実はこの車、最先端の脱出装置が付いてるんですよ。あ、触らな」,1.0,0.026886750012636185
image,,バイトするならタウンワーク,-0.14158381300447986,-0.0994604304432869
image,,ナニもないない,-0.32778127881365027,0.3446516692638397
image,,コイン落としゲーム,-0.2045671752179079,0.2720353901386261
image,,誰が青二才だって?僕はもう三才!そう、ブルースリーさ!!,1.0,0.42054882645606995
image,,さあリズムにのってー,-0.6204820925947632,-0.3144817054271698
image,,ふぅ、やっとサービスエリアに着い,1.0,-0.04012429341673851
image,,政権に対して小言を言う,-1.0,-0.004995860159397125
image,,俺も二次会行くわ!,-0.32778127881365027,-0.05107266083359718
image,,責任,-0.2045671752179079,0.4243142008781433
image,,妻の誕生日にサプライズで昼過ぎに帰宅した。何故か妻がクローゼットの前から離れようとしない。,1.0,-0.05017847567796707
image,,ついに「〜キムと恋する七日間〜彼のテポドンにまたがって」という恋愛ゲームが配信された,-0.24096418518952545,0.62674480676651
image,,でかい枝豆を履いて,1.0,0.06284566968679428
image,,TT兄弟,0.39056614057177397,0.03273081034421921
image,,★→★★→★★★,-0.08833213901850889,0.11296884715557098
image,,ミミがあるはずなのに演奏止めても一向に踊りをやめない。,-0.1716420747371854,0.608485221862793
image,,「5分後に起こして」,-0.24096418518952545,0.4964979887008667
image,,お手って言ってるのに真顔でその下を貫いてくる,-0.2045671752179079,0.4362547993659973
image,,目が回るほど忙しいの説明が回りくどい,0.6206359145427949,0.31159213185310364
image,,どこまで⭐︎0が続くか,-0.32778127881365027,-0.3804146349430084
image,,外野うるせえな,-0.5211017204097173,-0.11874829232692719
image,,やる気スイッチを見つけたが、この程度のことしかやる気にならない,0.569490662245034,0.049275703728199005
image,,1ヶ月500円生活2日目,-0.32778127881365027,-0.15290677547454834
image,,まもなく始まります。極楽浄土の新番組“昇天”メンバーは五代目圓楽、こん平、六代目円楽、歌丸、司会は三波伸介。,0.24739912720275625,0.5174886584281921
image,,夜中にいきなりさ,-0.08833213901850889,0.2168872058391571
image,,いいかい?ここに小さな黒い影があるだろ?こういう時は爪でこう...カリカリカリッ......ほら消えた。なっ手品みたいだろ?,0.452519838575719,0.7818120718002319
image,,「見たことある」は受け入れられた証拠さ,-0.5211017204097173,0.4114353656768799
image,,250の風になって,0.30725620485309735,0.14138346910476685
image,,サザエでございま〜す,-0.14158381300447986,-0.03237960487604141
image,,笑う笑顔っていいですよね,0.08316301918787916,0.3061308264732361
image,,オラフゥゥゥウウウウウウ,0.2743311043723744,-0.2366851419210434
image,,アンパンマン自滅,-0.32778127881365027,-0.1297450065612793
image,,孫のいたずらその2『トイレに閉じ込める』,1.0,0.4680395722389221
image,,もちうめぇ,-0.0015150453943845177,0.44953811168670654
image,,ごめんなさーい!今日もっとも運勢が悪いのは、フリー座のあなた!,1.0,-0.17824777960777283
image,,独自にフグを捌く方法を編み出して100人以上を病院送り,-0.32778127881365027,-0.13287129998207092
image,,ウチは代々こういう仕事の家系なんだ,-0.2045671752179079,-0.37621405720710754
image,,鬱向いてる,-0.2045671752179079,0.06360827386379242
image,,ウッディ「シドだな!?︎シドにやられたんだな!?︎」,-0.06449840760781256,0.0691944807767868
image,,耳垢なし/歯垢なし/目ヤニなし,-0.32778127881365027,0.20758113265037537
image,,5名様ですね、こちらへどうぞ,0.5544686395925662,0.4269724190235138
image,,はい!ここで変顔!!,-0.32778127881365027,0.0044582439586520195
image,,人の噂はネットでずっと見られる,-0.24096418518952545,-0.1521461308002472
image,,きうきするような、良い秋晴れね! さらわれました。,-0.021260538718001376,-0.19205227494239807
image,,♪ドンドン・パンパン・,-0.5211017204097173,0.2376311719417572
image,,今日の修造調子悪いな~,-0.11393289262733997,-0.37382328510284424
image,,説明しよう!4枚で着回すトニーと5枚で着回すパトリシアはローテーションの関係上、20日に1回Tシャツがガッツリ被るのだ!,1.0,0.411893367767334
image,,トイレでしなさい!,1.0,-0.21929208934307098
image,,お父さんのために、高級なものを買ってお金が尽きてしまう,-0.2045671752179079,0.17766450345516205
image,,sushi?こんなのたべれないよ! ウソだろ日本人! うまいわけないぜ! じゃあ一口だけ! うまあああああ,1.0,0.5874067544937134
image,,そんなに重い罪、☆3つけないと救われないぞ!!,-0.5211017204097173,-0.48972100019454956
image,,トゥースって「は?」って言いたいときに使うといいよ,-0.11393289262733997,-0.06906123459339142
image,,算数,-0.5211017204097173,-0.2342524528503418
image,,テレフォンカード,-0.32778127881365027,-0.14817044138908386
image,,ドラえもん。のび太と雲の王国,-0.32778127881365027,0.171179860830307
image,,お前の母さん,-0.6204820925947632,0.11355467140674591
image,,『自習です』,-0.11393289262733997,0.3516885042190552
image,,齋藤の齋の字をよく見たら何かいた,1.0,0.34590011835098267
image,,猫ひろしの独走かと思いきや後ろからエリックワイナイナが追い付いてきた、そして周回遅れのクロちゃん,-0.32778127881365027,0.21505913138389587
image,,聞き上手リアクション派,0.30725620485309735,0.37928301095962524
image,,屁コクヨ,0.897589537026185,0.14448249340057373
image,,考えただけで凄く興奮する。これが脳内麻_薬の,-0.5211017204097173,-0.007292081601917744
image,,昨日教えたでしょ!,0.6509581824683484,-0.2501048445701599
image,,よせ!廊下では奴に勝てん!,1.0,0.0821421891450882
image,,誰かあの日直を止めろ!,1.0,0.5382828712463379
image,,女の子の画像だけのお題に面白いボケ,-0.2045671752179079,-0.0918421670794487
image,,タカタンという名の酒,-0.6204820925947632,-0.2483121156692505
image,,羊を数えるのに夢中で朝になった,0.7377752760924723,0.49629148840904236
image,,血しぶきで前が見えにくいわ!,-0.24096418518952545,-0.23991084098815918
image,,顔認証型ロボット,0.2828612189135358,0.10699307918548584
image,,よかった、中身は取られてない,1.0,0.07012034952640533
image,,生牡蠣食してマーライオン,1.0,-0.2879124879837036
image,,お目覚めかな、サザエ,-0.32778127881365027,0.03453173488378525
image,,愛してる...,-0.11393289262733997,0.32542794942855835
image,,/ぶりっ\説明しよう!!︎,-0.32778127881365027,-0.04623521864414215
image,,...ヤー.../...ぱわー/ハッ!/ハアハア...,-0.24096418518952545,-0.12783968448638916
image,,犬・猿・雉(桃太郎さんはもう戻って来ないんだ...)猫(うまそう),-0.32778127881365027,0.14532539248466492
image,,ハァッピィニュウイy/あ、まだだっt/ハッピィにゅうイヤァアァ,-0.2045671752179079,-0.050214655697345734
image,,速度が大事なのが回線、鮮度が大事なのが海鮮,-0.44401631501304983,-0.03944814205169678
image,,スト2あるあるやります!,-0.28165258061457576,-0.4172084927558899
image,,吉本の花子さん,0.4257271846935422,0.29256272315979004
image,,え、犬がめっちゃビビってんにゃけど,0.5873937400732887,-0.012458840385079384
image,,クイズ!誰のお尻でshow,-0.14158381300447986,0.2796916961669922
image,,ナマでできる店,-0.5211017204097173,-0.3907853364944458
image,,財政赤字,-0.14158381300447986,-0.16352546215057373
image,,俺の事をレオンでしか見たことないだと!うつ!,-0.14158381300447986,0.042148128151893616
image,,「お〜寒!オサムです!」という自己紹介でスベったという黒歴史もあ,-0.5211017204097173,0.20556345582008362
image,,頭中(あんなことやこんなことぉ〜ウヒョ〜)/「僕と夜明けのマグロ食べませんか?」,0.29931442781411133,0.3869476616382599
image,,おさげしまーす,-0.1716420747371854,-0.030793454498052597
image,,プアーンガタンガタンガタンガタン,1.0,-0.552362322807312
image,,これはウルトラマン案件だろ,1.0,-0.12300056219100952
image,,お玉でたまたますくったたまたま,-0.28165258061457576,-0.12833067774772644
image,,のタイムセールっ,-0.32778127881365027,-0.3694612979888916
image,,「真剣な話をしてるんですよ、帽子と手袋くらい脱いだらどうだね?」,-0.32778127881365027,0.10142503678798676
image,,意地汚い以外一切意味のない依頼,-0.32778127881365027,0.07401788234710693
image,,涙,1.0,0.2627331018447876
image,,友達の友達がアルカイダ,-0.14158381300447986,-0.3816046118736267
image,,辞書,1.0,-0.12343113124370575
image,,お前は総理大臣の息子,-0.32778127881365027,0.09216160327196121
image,,立ち上げスイッチはココ,-0.32778127881365027,-0.25261032581329346
image,,ジャッジャジャァーーーン!!,-0.32778127881365027,-0.15634772181510925
image,,チャレンジ動画【そうめん流し】が全然成功しない,-0.2045671752179079,0.04823107644915581
image,,延長する,-0.28165258061457576,-0.24559161067008972
image,,おばあさんは川へ松崎しげるを洗濯したら、驚きの白さに!,0.452519838575719,0.3032015264034271
image,,キエエエエ!,-1.0,-0.4087619185447693
image,,♪水に溺れると思い出す〜,-0.1716420747371854,0.30014386773109436
image,,隊長...お粗末ですね。,-0.24096418518952545,0.39570432901382446
image,,すまん,-0.44401631501304983,-0.20476801693439484
image,,電車の窓を見ながら、屋根から屋根、電柱をピョーンピョーンと飛びながら進む自分,1.0,0.07610607892274857
image,,オンラインゲームで知り合った2人が初めてオフで会うことにしたが、お互いが薄々気付きながらも声をかける勇気が出ない。,1.0,0.14246569573879242
image,,ってなるほど息臭かったよ,-0.2045671752179079,-0.20595692098140717
image,,ログインボーナス3日目!来週は営業部ジョニーが手に入るよ!,-0.11393289262733997,0.5262333154678345
image,,15分延長で,-0.11393289262733997,0.279988557100296
image,,缶の底につぶコーンは残ってない...な。もう1つはどうかな...,-0.28165258061457576,-0.07171369343996048
image,,「そこで隠し味の鰹節を投入」「しません。」「では煮干しでダシを」「取りません」「モンプチを開け」「ません。」,1.0,0.5852339863777161
image,,お母さんと一緒→お父さんは別居,1.0,0.05607226490974426
image,,アルデンテやん!,-0.28165258061457576,-0.17826835811138153
image,,吉田沙保里のマスでは一回休み,-0.6204820925947632,0.020315995439887047
image,,行けたら行く,0.08316301918787916,-0.10998637974262238
image,,正義が必ず勝つ!...ので私はやる気が出ないッ!,-0.5211017204097173,-0.3155340254306793
image,,元値5万の知らない工具,-0.2045671752179079,-0.07936745882034302
image,,あの日のかなーしみーさえ,-0.2045671752179079,-0.3002975583076477
image,,新卒が早速やらかした。,-0.2045671752179079,0.3832486867904663
image,,以下同文です,-0.32778127881365027,0.2663002610206604
image,,ポイントカードは俺が出すから。,1.0,-0.26666581630706787
image,,そう言えばあの桃どうしたんだっけ?と思うおじいさん,-0.04220344081943439,0.01774994283914566
image,,よさあく~はき~をきる~~/へいへいほ~,-0.1716420747371854,-0.17243337631225586
image,,戦闘力10106か、面白い。,-0.28165258061457576,-0.032410211861133575
image,,ワシが育てた,0.47738323419589834,0.18259285390377045
image,,手相占いに来た冷やかし,-0.32778127881365027,0.24107185006141663
image,,飲み物買いに行くけど、君はカレーでいい?,-0.2045671752179079,0.04438725486397743
image,,のび太さんも立ってるのね?,-0.32778127881365027,0.20266978442668915
image,,社会の掟を教えてやるよ,0.6867741122583342,0.2295289933681488
image,,ただ今こちらのお客様が本来とは違う、非常にけしからん使い方をされようとしましたので没収致しましたぁー,-0.32778127881365027,0.27366021275520325
image,,樹→木→希林,-0.24096418518952545,0.03998212888836861
image,,5分おきに膨らませないと戦えない。,1.0,0.14227260649204254
image,,で被害者続出、必殺仕事,-0.38103295279962135,-0.0007457509636878967
image,,一番人口の多い市は横浜市で、神奈川県の人口より多い。,-0.24096418518952545,-0.04761217162013054
image,,ボケが強すぎて漫才にならない,-0.2045671752179079,-0.018563207238912582
image,,今すぐ歯ブラシを持ってきて下さい,0.13855372221571138,0.08012191951274872
image,,だいたいドライブ,-0.06449840760781256,0.3337622582912445
image,,「見えるかこれがわしのスタンドじゃ」,-0.28165258061457576,-0.05348256230354309
image,,龍角散,-0.32778127881365027,-0.05914321541786194
image,,パパは牛乳屋,0.11196736997390078,0.06311900913715363
image,,何でも好きなものを頼みなさい。500円までは出すから,-0.11393289262733997,0.02480584755539894
image,,なん/履いて,-0.14158381300447986,0.07164648175239563
image,,4時間テレビ,0.2828612189135358,0.4180765450000763
image,,人の周囲を若干暗くする能力を得たので楽しそうに話してる奴らを悪役っぽくする,-0.32778127881365027,0.5537766218185425
image,,バインバイン,-0.2045671752179079,-0.10119914263486862
image,,OKET,-0.7605508602048586,-0.42316123843193054
image,,メシか?,0.2282024061732999,0.4332405924797058
image,,はごろもフーズのCMが本気を出した,0.2828612189135358,0.04539361968636513
image,,桂ソング丸,-0.2045671752179079,0.3109804093837738
image,,でっていう,-0.32778127881365027,-0.11776614189147949
image,,Pleyer◀john▶が殿堂入りして以来それ以上のボケが浮かばない,-0.28165258061457576,0.28715795278549194
image,,平泉成と畑山隆則と阿藤快と劣化した東出昌大?,-0.11393289262733997,0.06085454672574997
image,,歩きスマホ,-0.2045671752179079,0.1206594929099083
image,,『イニシャルゲストの登場です。K.Tさんどうぞ』キムタク?「キム、タク!キム、タク!」の歓声の中舞台裏で待つキダタロー,0.6814999321547517,0.6619257926940918
image,,集合写真、田中君が今日居ない,-0.04220344081943439,0.09371970593929291
image,,鰈は飲み物の付け合わせです,-0.5211017204097173,0.036583248525857925
image,,マンホールの水目線,-0.32778127881365027,0.11558801680803299
image,,ライター貸そうか?,1.0,-0.32578420639038086
